marksandro58,RT @IshkaraSounds: ishkara.sounds #cover of #watchme produced with #smule #smulesing on #ipad #loveandlight #vocals‚Ä¶ https://t.co/8hKJjobOTj,0
_leslieeee23,RT @jenjenlo_: This new iOS update has my bedtime set so I can sleep 8hrs lmao impossible,0
WebHalex,Apple News on Twitter https://t.co/JeWoYgNJLJ,0
PREPONIKA,"RT @ahigotthemupset: Remy Ma: *uses iPhone X facial recognition*

iPhone X: https://t.co/GkcQfpkTWU",0
ihemeghionye,@Mskayleebrownie I need my own IPhone.,0
whyseokjeon,"RT @AppleMusic: ICYMI: Listen to @BTS_twt's new album, Love Yourself Êâø 'Her‚Äô.
https://t.co/5GDPdyEpra https://t.co/t2sdLyvqCt",0
DawnRosaHD,RT @verizon: The new iPhone is on Verizon! #yeehaw,0
Prxfession,RT @TaniaRobson1965: If anyone on here could help my son James find the iPhone would be much appreciated https://t.co/VFeJyGdTP0,0
anuragalive,"@mubashiraftab 
Pls RT and Like the below tweet.‚¨áÔ∏è
Thank You. üôè https://t.co/ntlCA2vu12",0
sunnyleoneass,RT @CydiaPlus: iPhone 8 vs 7 BEND Test! https://t.co/Nnv8PNq2d4,0
AfroShmafro,RT @HeyMissNona: üó£I WAS TOLD BY APPLE CARE THAT TODAY WAS THE RAPTURE!!! https://t.co/YY0RTsTJ1s,0
_CrownMePoison,RT @MADBLACKTHOT: Bitch what I‚Äôm supposed to do with 256GB on an iPhone? I‚Äôm about to film and edit a movie. Christopher Nolan I‚Äôm co‚Ä¶ ,0
KingSyedd,RT @KingMoeTheBoss: The iPhone X cost $1000 when I press unlock it better free all my niggas,0
Burning_Willow,RT @jondrashek: Who's swinging by to grab some books at the Little Apple Comic Expo tomorrow? #lacefall2017 #horror #indieauthor‚Ä¶ ,0
Jackiehowell69,@HartsOfStur @gourmetgadgetry sticky apple caramel cake,0
pushingyayo,All these upgrades ü§ë thank you launch week @Apple,0
queentrashcan,@grateful_alice tis on apple music not soundcloud :(,0
rexnaldomata,"RT @tim_cook: Mientras hay vida, hay esperanza. Mexico‚Äôs resilience is its strength. Apple is contributing $1M to recovery efforts. #Fuerza‚Ä¶",0
LoveGuideSweety,when ur iphone charger starts wearing a turtleneck u know the end is coming,0
