ngAnthonyy,RT @Google: Today's #GoogleDoodle pays homage to Dr. Asima Chatterjee and her groundbreaking contributions to medicine ‚Üí‚Ä¶ ,0
pokemanLB,A wild Misdreavus has appeared! Available until 14:18:40 (29m 55s). https://t.co/Lq08FtCY7N,0
janet_ren,"@ABlackTweeter @washingtonpost @slpng_giants @facebook @Google @amazon Avoid g..gl use DuckDuckGo, never had FB, do‚Ä¶ https://t.co/x7Ly16EyzY",0
PoGoWheeling,lvl 3 raid! Hatches at 16:44:35 (55m 50s). https://t.co/8lurHSX2et,0
KljajicBosko,OMG!I am playing the old Nokia Bounce On my Android!!!-&gt;https://t.co/AbcBUEN1h1,0
PointLomaSurfs,Cabrillo Lighthouse: Mareep ‚ôÄ til 14:18:25(29m 38s). https://t.co/pkszdusWgb,0
ajust0419,"@jemelehill He cheated and the truth is coming out
https://t.co/kgDPvlUQxc",0
vic_map,"?% ?CP Machamp! (?,?,?) 
 unknown / unknown 
 Available until 02:18:21pm (29m 35s). https://t.co/4UfncM9rEP",0
MOVEFORWARDHUGE,RT @CohenTisha: @TruthinGov2016 @pamelakarnbach @RealMattCouch @FITE4THEUSERS https://t.co/htVQBrT5Gu election rigging.they did it in the u‚Ä¶,0
chunkychunky13,New Event Now On. GET Rank S Monsters. App Store: https://t.co/ewwxJonily Google Play: https://t.co/ULWd7i6uPZ #DarkSummoner,0
PGANVARVACity,Dratini‚ôÄ Dragon Breath/Twister (IV: 87% - CP: 498 - L: 21) until 05:18:43pm  https://t.co/KpThwsUhcE,0
PoGoDCDowntown,Dratini‚ôÇ Dragon Breath/Aqua Tail (IV: 71% - CP: 180 - L: 8) until 05:17:20pm  https://t.co/qvUAKwYdMo,0
PowayHills,Poway: Charizard ‚ôÇ til 14:11:59(23m 10s). https://t.co/pdHspyHEvK,0
av_mohanty,"RT @floweraldehyde: She developed various chemotherapeutic drugs, antimalarials and anti-epilepsy drugs too. One of the greatest Indian‚Ä¶ ",0
DeannaThoms,_______??:#https://plus.google.com/u/0/117500840345878751442/posts/UVHk96zZn9E,0
PokemonWoodland,"[WL] Dratini, IV:91 CP:480 FORM:unknown, LV:20, MV:Dragon Breath, Aqua Tail, til 04:17:40pm (28m 51s) https://t.co/pgL5IlLFu2",0
FemDomUKandROI,"RT @mistressamba: Circlepay / Amazon UK: 
mistressambax@gmail.com https://t.co/FKa14JG8tP",0
LevisMatt,@_MirandaRites_ @setorkdc @JohnPulice @JacobAWohl @realDonaldTrump He's real. He's right up trumps alley. You should google him.,0
kittykyle9,"Buy my Snapchat! $25 on google wallet kittykyle9@gmail.com

That way you can see me open my Bob's bb. Also masturba‚Ä¶ https://t.co/4HUqCGY7iu",0
kamonjomaina,RT @virtualcry: nice to see google takes cow privacy seriously https://t.co/qyZTQqBZF2,0
AnnArborPokemon,Lickitung until 05:17:30pm (28m 39s). 2.9km N of downtown. https://t.co/aww4RpezC0,0
dlzld55,"RT @BIGMONEYMIKE6: ON SEPT 26TH , I WILL BE RELEASING THE WORLDS BIGGEST ALERT IN OUR LIFETIME OR ANY LIFETIME..

JOIN US: godzillapro‚Ä¶ ",0
jenniesweetcush,God I wish @realDonaldTrump would STFU so the good presidential news could get out https://t.co/7UNtHTaIBw,0
ruxvms,Im Now a manager for @UpriseEternity  go and follow them and like this vid https://t.co/o9L3ZmKugc,0
jjockucl,The Associated Press: Paratrooper becomes 1st French casualty in anti-IS coalition. https://t.co/dKD6B025kN,0
AIIAmericanGirI,"MILO Declares He Will Speak at UC Berkeley Despite Free Speech Week Cancellation @BreitbartNews
https://t.co/yj6cA1ZfJU",0
chrisbmar10,"Prayers for #Emotions #Healingprayers #prayerbook 
https://t.co/pTvnU1sT6q",0
fahaja14,"¬£ #GironaBar√ßa ‚à• #SOUMUN ‚ûß #PSSday
AlHayat~Media~Center
The~Video: INSIDE~ ‚íã üîª
üìΩ‚ûµ https://t.co/Y5tnANtSJE 
https://t.co/bs1gQ85vEZ",0
bookishdodie,RT @virtualcry: nice to see google takes cow privacy seriously https://t.co/qyZTQqBZF2,0
pokemontomball3,"[SE] Ursaring, IV:98 CP:38 FORM:unknown, LV:1, MV:Metal Claw, Close Combat, til 04:11:26pm (22m 33s) https://t.co/82b9zXLNEs",0
iamhellsflames,RT @virtualcry: nice to see google takes cow privacy seriously https://t.co/qyZTQqBZF2,0
DanaPointSurfs,Laguna Niguel: Mareep ‚ôÇ til 14:15:52(26m 57s). https://t.co/uUaUlXwSZq,0
rdtpokescans,Venusaur ‚ôÇ Razor Leaf/Sludge Bomb (IV: 31% - CP: 1466 - L: 22 until 05:12:05pm. https://t.co/XWk5W9tzuP,0
Abentahar1,RT @AdvantixDigital: Google new Showcase Ads here's what you need to know! https://t.co/2PaKhiQfMl,0
J_philly92,"RT @rebekahlynnb: I HATE iOS 11. They removed the speaker setting in all apps (Discord, Google hangouts) so they only way you can use the s‚Ä¶",0
OceansideSurfs,East Side Capistrano: Hoppip ‚ôÇ til 14:18:39(29m 43s). https://t.co/ftaSYKuIZV,0
Ken_darl,"RT @arumndochukwu: Me: what's your age?
Her: sorry I can't tell you
Me: ok what's your email address?
Her: amakapretty1995@gmail.com https:‚Ä¶",0
PGANFLMiamiWynw,Heracross‚ôÄ unknown/unknown (IV: ?% - CP: ? - L: ?) until 05:11:52pm  https://t.co/HGzzUo56lZ,0
GOtoOUTERspace,Google Pixel International Giveaway @androidauth #giveaway https://t.co/ntkulsxG9s,0
karolita_v87,RT @HamillHimself: Happy #BatmanDay which is either TODAY or (according to Google) TUESDAY September 26th! Is this a trick or a joke?‚Ä¶ ,0
Mz_sleeky,"RT @arumndochukwu: Me: what's your age?
Her: sorry I can't tell you
Me: ok what's your email address?
Her: amakapretty1995@gmail.com https:‚Ä¶",0
ohsoearly,RT @MelissaJLaramie: Next Up the Edcamp #wateachlead Smackdown! https://t.co/IQkO8M4JCi Then prize drawings!,0
samurai_of_LORD,RT @GoogleDiscovery: Google Earth VR recebe suporte para o Street View https://t.co/7ZGPLDubtf https://t.co/2dN3JoPDUY,0
vSpammer_,@Taefromthebando @logic2kgod Saxcelord@gmail.com,0
MiaBernar,"RT @BIGMONEYMIKE6: ON SEPT 26TH , I WILL BE RELEASING THE WORLDS BIGGEST ALERT IN OUR LIFETIME OR ANY LIFETIME..

JOIN US: godzillapro‚Ä¶ ",0
WwuRadio,Now playing WHITE TIGER SOCIETY - Let It Go dl the app google play &amp; ios be apart of the movement,0
jangelcol,@NoJodas1919 @AnjaKP @TalibKweli @hyperlibrarianz @RachelBaby323 And there's a ton of these. https://t.co/lw9HMbPml3,0
xdespiadado,"RT @Anastasia_Luxxx: MANCHESTER NOW
LONDON 28 -11th
CARDIFF 9th,10th
BERLIN 12th -17th
GUILFORD 23rd,24th 
https://t.co/abPcSbF0Ek
anast‚Ä¶ ",0
Onyekaba441,RT @EmekaGift: Nigerian Air Force Deploys Aircraft to Restive Southeast - VOA News https://t.co/ZdrOLvhuw5 via @GoogleNewsstand,0
rosa_hoekstra,"@Number10gov @faisalislam Please stop using Google translate, we can read English and it's easier on the eye than your archaic translation üòÇ",0
tip_lloyd,RT @mihlalii_n: Bookings: mibeautymua@gmail.com üë∞üèæüíã https://t.co/74CSBEuCt7,0
PGANFLMiamiDora,Heracross‚ôÇ unknown/unknown (IV: ?% - CP: ? - L: ?) until 04:59:22pm  https://t.co/9Fp4bRv97c,0
mariahphils,@celinehit @janetologist @MichaelBosket @noguava @_BayBey Actually all performers/dancers cited either Tina and Jan‚Ä¶ https://t.co/YUgEa8lXPQ,0
tracyallengray,"RT @BIGMONEYMIKE6: ON SEPT 26TH , I WILL BE RELEASING THE WORLDS BIGGEST ALERT IN OUR LIFETIME OR ANY LIFETIME..

JOIN US: godzillapro‚Ä¶ ",0
pokemanLB,A wild Ledian has appeared! Available until 14:10:06 (21m 7s). https://t.co/yu4OyrBlK2,0
Extoize_,RT @virtualcry: nice to see google takes cow privacy seriously https://t.co/qyZTQqBZF2,0
cadaverousmag,"RT @LunaLunaMag: Be one of our vamps. Submit to our Halloween issue (essays, lists, etc) by emailing @PatriciaGrisafi GrisafiLuna@gm‚Ä¶ ",0
Sammii_iv,RT @virtualcry: nice to see google takes cow privacy seriously https://t.co/qyZTQqBZF2,0
bryan_helten,"@IAmKurtacus @briesadler BTW, deliberate ignorance, really is a mental disorder. Google can be the cure.",0
BAGpokes,Charizard spawned in Silver Lake! Available until 02:18:40pm (29m 40s). https://t.co/e2EqFKAXzO,0
BAGpokes,Machoke spawned in Atwater Village! Available until 02:18:49pm (29m 49s). https://t.co/FJ6NdWJ19z,0
SoOHilliard,"Hilliard Run there are zombies, Just kidding a 42.2% Snorlax has appeared (59m 29s).  https://t.co/E1KS9K7KIK",0
PerrisHood,Perris: Bulbasaur til 14:45:52(56m 54s). https://t.co/Yso17Qe2PU,0
pokemanLB,A wild Xatu has appeared! Available until 14:18:45 (29m 43s). https://t.co/r3qcsCQRlt,0
SantaClaritaMon,Octillery spawned in Valencia! Available until 02:17:39pm (28m 37s). https://t.co/3b4LRwYyMn,0
EpicSGPokemon,[Newton] Forretress (F)  until 05:17:31AM at 500 Clemenceau Ave N https://t.co/DZ72R956Tp https://t.co/cLSZCDmPLK,0
AlamedaMons,N SJ: Geodude 100.0% (15/15/15) 409CP L12 Tackle/Rock Slide until 14:17:23 (28m 20s) https://t.co/6nlNs3Sv2q,0
MelPogoMap,[Camberwell] Feraligatr (F) (IV: 60% - CP: 806) until 07:17:54AM at 3 Boundary Ln https://t.co/Pfvdxe0MvC https://t.co/AkislerApP,0
hvaa78,"¬£ #GironaBar√ßa ‚à• #SOUMUN ‚ûß #PSSday
AlHayat~Media~Center
The~Video: INSIDE~ ‚íã üîª
üìΩ‚ûµ https://t.co/lfFe1ResTS 
https://t.co/bnqmU0fBbE",0
AlamedaRareMons,N SJ: Geodude 100.0% (15/15/15) 409CP L12 Tackle/Rock Slide until 14:17:23 (28m 20s) https://t.co/OTo0QI4l1W,0
AlamedaUltraMon,N SJ: Geodude 100.0% (15/15/15) 409CP L12 Tackle/Rock Slide until 14:17:23 (28m 20s) https://t.co/JRDFMWCO6U,0
piper_low,"RT @AIIAmericanGirI: Commissioner Goodell: Trump Comments 'Divisive,' Show an 'Unfortunate Lack of Respect' @BreitbartNews
https://t.co/VAH‚Ä¶",0
DOGGEAUX,i re-wrote the first two verses of hey ya using google autocomplete https://t.co/zjYnOLhgmR,0
BostonPogoMap,[Charlestown] Feraligatr (M) (IV: 46% - CP: 1070) until 05:47:36PM at 300 1st Ave https://t.co/3Y036zwEoL https://t.co/ZxxibDoUgY,0
jamesbenard51,"DO YOU NEED A LOAN TODAY?  IF YES, PLEASE CONTACT US TODAY AT:jamesbenardloanfirm@gmail.com",0
EpicSGPokemon,[Tanglin] Porygon(IV: 75% - CP: 1079) until 05:17:32AM at 3A Ridley Park https://t.co/uG8FAIG52c https://t.co/VynSbSrQT2,0
Controlling2016,@PastorDScott Please get this info. out to Trump voters in Alabama: https://t.co/VrtPkmiEGV,0
BostonPogoMap,Lapras (M) (IV: 66% - CP: 2093) until 05:16:47PM at 45 Philip Darch Rd https://t.co/RkdpSV9lHo https://t.co/S2EK6VXth7,0
574Mafia,@CUZLIGHTYEAR #FollowBack bro I got some sauce for yah or email me 574mafia@gmail.com,0
EpicSGPokemon,[Tuas] Chansey (F) (IV: 66% - CP: 1028) until 05:13:04AM at 12 Tuas Drive 2 https://t.co/9fqqcQVALF https://t.co/f4A76Ld7Og,0
MelPogoMap,[Clayton South] Muk (F) (IV: 64% - CP: 2224) until 07:18:19AM at 621 Heatherton Road https://t.co/x940x98o0p https://t.co/ojfmw4Ems4,0
Bianka381,"RT @BIGMONEYMIKE6: ON SEPT 26TH , I WILL BE RELEASING THE WORLDS BIGGEST ALERT IN OUR LIFETIME OR ANY LIFETIME..

JOIN US: godzillapro‚Ä¶ ",0
PoGoIB,Imperial Beach: Aerodactyl TTH: 02:18:57pm [29m 54s] https://t.co/nYZlyGVOTC | https://t.co/ByxHJf1BxX,0
NAksentev,"RT @BIGMONEYMIKE6: ON SEPT 26TH , I WILL BE RELEASING THE WORLDS BIGGEST ALERT IN OUR LIFETIME OR ANY LIFETIME..

JOIN US: godzillapro‚Ä¶ ",0
MelPogoMap,[Port Melbourne] Rhydon (F) (IV: 48% - CP: 2113) until 07:17:49AM at 155 Bertie St https://t.co/LNzKdNnrDn https://t.co/JFNYT1mjMm,0
xs10tialist,RT @JordanUhl: Just shut up &amp; google it from now on https://t.co/8TLMaVvaVa,0
BrisbanePogoMap,[Tarragindi] Snorlax (F) (IV: 40% - CP: 2228) until 07:18:41AM at 1 Mayheck St https://t.co/aW1fIIK4aL https://t.co/SqhDg0ZNjG,0
PoGoLakeMurray,unknown: Lickitung TTH: 02:18:12pm [29m 13s] https://t.co/KhnM85HI9p | https://t.co/0M7g9CgbYl,0
KayDebruyne00,RT @virtualcry: nice to see google takes cow privacy seriously https://t.co/qyZTQqBZF2,0
zufr557wTH6lok1,"{} #YNWA ‚ãÆ‚ãÆ #FFM29 || #MUFC
AlHayat‚òúMedia‚ûÆCenter
The‚û≠ Video‚û≠: INSIDE‚û≠‚ë∑
üî•üìπ‚â•‚â• https://t.co/3CGNRqZ2ME https://t.co/AUAuTezFLA",0
Inezkelley,@CharlesWDawson1 @Freeyourmindkid @TrapLew @realDonaldTrump Have you ever heard if Google..? You know we can verify‚Ä¶ https://t.co/At1Eqxj4lV,0
torpokemap,[Niagara] Forretress (F)  until 05:18:35PM at 955 Lake Shore Blvd W https://t.co/yLXzMbUtSS https://t.co/uGqL9rPLba,0
JamieButon,RT @virtualcry: nice to see google takes cow privacy seriously https://t.co/qyZTQqBZF2,0
OxcartUav,RT @StanM3: Germany- Federal Criminal Police Office study shows that refugees committed 628.000 crimes since 2015.‚Ä¶ ,0
MadameRabbitt,"Here's something even the cheapest subs can #reimburse 

Circlepay or google wallet
ashleimclovely@gmail.com https://t.co/rxBiWpbhv2",0
BalboaParkHills,Normal Heights: Pinsir ‚ôÇ til 14:13:10(24m 1s). https://t.co/sXQ3szLbFt,0
hambosirush123,"RT @BIGMONEYMIKE6: ON SEPT 26TH , I WILL BE RELEASING THE WORLDS BIGGEST ALERT IN OUR LIFETIME OR ANY LIFETIME..

JOIN US: godzillapro‚Ä¶ ",0
FakeNatePaquln,RT @CryptoCurrent: Bitcoin Price Rises by 5% to $3740 as the Cryptocurrency Market Gradually Recovers https://t.co/8tDt0vj3L1 #google‚Ä¶ ,0
Ivanblvck,"RT @BIGMONEYMIKE6: ON SEPT 26TH , I WILL BE RELEASING THE WORLDS BIGGEST ALERT IN OUR LIFETIME OR ANY LIFETIME..

JOIN US: godzillapro‚Ä¶ ",0
EmarketerSEO,RT @sengineland: What does the anatomy of a @Google search listing look like? https://t.co/dbEfcVtcCx https://t.co/fHIMCHSTNB,0
TheRealPokeOfOC,Quad Stops: Grimer ‚ôÄ til 14:16:41(29m 28s). https://t.co/LtM0EPXOOR,0
luvreading05,@George_iloka https://t.co/5125Vupdek  the Bengals keep kneeling before they get in the end zone.  Try winning then kneel,0
torpokemap,[Niagara] Forretress (F)  until 05:18:35PM at 955 Lake Shore Blvd W https://t.co/yLXzMbUtSS https://t.co/uGqL9rPLba,0
1starshot,"They use liquid propane, Silver iodide, Potassium iodide, Solid carbon dioxide.
It's all in the drop down boxes.
https://t.co/o807IqcpMe",0
PoGoSDSnorlax,unknown: Snorlax TTH: 02:18:44pm [29m 41s] https://t.co/5YtguqWXMP | https://t.co/MOKovGO513,0
Controlling2016,@PastorDScott Please get this info. out to Trump voters in Alabama: https://t.co/VrtPkmiEGV,0
rittalemos,RT @virtualcry: nice to see google takes cow privacy seriously https://t.co/qyZTQqBZF2,0
GOtoOUTERspace,Google Pixel International Giveaway! https://t.co/ntkulsg5hU,0
mtgeiger1184,"In one traditional (or sexist) way, marriage in America has not changed in 50 years. https://t.co/vfUWjCddBT",0
FacundoXXII,Some of you on here are really geniuses doing a better job than google,0
Alusa__,RT @virtualcry: nice to see google takes cow privacy seriously https://t.co/qyZTQqBZF2,0
ifthedevilisix,RT @JordanUhl: Just shut up &amp; google it from now on https://t.co/8TLMaVvaVa,0
SharonMugisha_,RT @virtualcry: nice to see google takes cow privacy seriously https://t.co/qyZTQqBZF2,0
kcpteachertips,"@projectlitSTL 
Can we have a Google Hangout or Skype with our students about Towers Falling? My 8th graders would love to discuss this book",0
scbeachlady01,"@MADE__USA Started boycotting in 03. I boycott movies, ESPN,  NFL, google, FB and quite a few TV networks. I'm not‚Ä¶ https://t.co/gP3x5wHdkw",0
ragalyann2814,"RT @BIGMONEYMIKE6: ON SEPT 26TH , I WILL BE RELEASING THE WORLDS BIGGEST ALERT IN OUR LIFETIME OR ANY LIFETIME..

JOIN US: godzillapro‚Ä¶ ",0
MercKennedy,_______??:#https://plus.google.com/u/0/117500840345878751442/posts/UVHk96zZn9E,0
MayssaDHAYBI,"RT @BIGMONEYMIKE6: ON SEPT 26TH , I WILL BE RELEASING THE WORLDS BIGGEST ALERT IN OUR LIFETIME OR ANY LIFETIME..

JOIN US: godzillapro‚Ä¶ ",0
mbwelburn535,Michelle Welburn completed the quest Phantom Plate! https://t.co/3b1kwyIiMi,0
_FreeBacklinks,"Traffic generator, drive real human traffic to your website or blog! https://t.co/qvnjvy3NrA #SocialMedia | RSS Feed | Google Hates Link B‚Ä¶",0
PGANMDMoCoGaith,Dratini‚ôÄ unknown/unknown (IV: ?% - CP: ? - L: ?) until 05:18:08pm  https://t.co/Fkp20iRU12,0
jorgecunha,RT @MeasureCamp: LIVE: Google Tag Manager - 5 years what we have learned @simoahava #measurecamp https://t.co/5fF6BC4MrM,0
DailyPatent,I like random #patents. What about you? https://t.co/aeQhRfPGss,0
SareahAnderson,"@ladyjayyb  üòâ, ladyjayy30@gmail.com, If you value celeb information like I really do, then make sure to get your d https://t.co/hHzd8xZ2VO",0
PGANCOBroomfiel,Golem‚ôÄ Rock Throw/Rock Blast (IV: 49% - CP: 1093 - L: 14) until 03:18:55pm  https://t.co/zheRH0kHKw,0
VistaPoGo,unknown: Larvitar ‚ôÇ til 14:18:52(29m 39s). https://t.co/h0RBBJfR1a,0
PoGoLakeMurray,unknown: Snorlax TTH: 02:18:44pm [29m 39s] https://t.co/p4makvAaB1 | https://t.co/yo9yt902Jv,0
amyserwinowski,@karenworley01 @Manitou47 @FoxNews @KevinJacksonTBS @Kaepernick7 More work needs to be done: https://t.co/LmW6frNNnl,0
Kirmataqaana,RT @LeftSentThis: Why Fox doesn't want Americans to see NFL players protesting about race | #TakeAKnee  https://t.co/uUA7CWkCwd,0
twheel08,RT @IYQbd: every day is batman day. https://t.co/tsbBhJicgQ,0
CookieBoggino,Shooting with @Tripodski for @SuicideGirls üôåüèª Get my Premium Snapchat to see it everything! DM or cookieboggino@gma‚Ä¶ https://t.co/uUMpma4bJo,0
PGANFLMiamiDora,Heracross‚ôÇ unknown/unknown (IV: ?% - CP: ? - L: ?) until 04:59:18pm  https://t.co/WwUJUSDrfr,0
charlesambetsa,RT @virtualcry: nice to see google takes cow privacy seriously https://t.co/qyZTQqBZF2,0
great_defector,RT @virtualcry: nice to see google takes cow privacy seriously https://t.co/qyZTQqBZF2,0
exaenae,"Does today's Google Doodle annoy me more than it should? Probably, yes.",0
VistaPoGo,unknown: Pinsir ‚ôÇ til 14:17:39(28m 25s). https://t.co/jHfbQT8MXo,0
ThreattRosa,_______??:#https://plus.google.com/u/0/117500840345878751442/posts/UVHk96zZn9E,0
rbaurbanas,RT @CityLab: Google and Amazon reap the spoils of winner-take-all urbanism. Here‚Äôs how they can also bear greater responsibility‚Ä¶ ,0
angelolivier02,"RT @BIGMONEYMIKE6: ON SEPT 26TH , I WILL BE RELEASING THE WORLDS BIGGEST ALERT IN OUR LIFETIME OR ANY LIFETIME..

JOIN US: godzillapro‚Ä¶ ",0
CarlsbadSurfs,C Carlsbad: Larvitar ‚ôÇ til 14:18:50(29m 33s). https://t.co/lV3MQmuLxL,0
Buyvotecontest,"#voting
#contest
#votes
#voteplease knock me onlinevotecontest@gmail.com https://t.co/SzQAXHlpzR https://t.co/hcuxn3fGeP",0
CechKeith,What‚Äôs a rushing touchdown? Did we break the game? Should I google it? #GBR,0
PGANVARVAColoni,Ursaring‚ôÄ Counter/Hyper Beam (IV: 56% - CP: 1475 - L: 20) until 05:19:13pm  https://t.co/XKnIDlYphJ,0
NatalieElsberg,RT @TheWayWithAnoa: Took Tom Perez Four months. Open Letter to DNC Chair: 'There's Too Much at Stake to Ignore Black Women' - NBC News http‚Ä¶,0
PGANFLMiamiHall,Heracross‚ôÄ unknown/unknown (IV: ?% - CP: ? - L: ?) until 05:03:11pm  https://t.co/7KyOrddvaW,0
C4rolPuckett,RT @virtualcry: nice to see google takes cow privacy seriously https://t.co/qyZTQqBZF2,0
SoOHilliard,"Hilliard Run there are zombies, Just kidding a 62.2% Blastoise has appeared (58m 31s).  https://t.co/JolA6SiW8v",0
12sTumu,"RT @arumndochukwu: Me: what's your age?
Her: sorry I can't tell you
Me: ok what's your email address?
Her: amakapretty1995@gmail.com https:‚Ä¶",0
Medici_Bank,"RT @BColwell_Invest: #Ark: ‚ÄúPractical Services for Real #People.‚Äù
https://t.co/Kz7y8tWize @ArkEcosystem #fintech #crypto #blockchain #token‚Ä¶",0
McelheronJamie,RT @virtualcry: nice to see google takes cow privacy seriously https://t.co/qyZTQqBZF2,0
janet_ren,RT @ABlackTweeter: @washingtonpost Kudos to @slpng_giants for telling advertisers they're advertising on Breitbart's hate site. Howeve‚Ä¶ ,0
Isacuruniiosa,Check out new game - 4 Emojis 1 Pelicula! It‚Äôs created in #free game builder @quickappninja https://t.co/fwetYu0LVI,0
taraghizzoni151,"RT @BIGMONEYMIKE6: ON SEPT 26TH , I WILL BE RELEASING THE WORLDS BIGGEST ALERT IN OUR LIFETIME OR ANY LIFETIME..

JOIN US: godzillapro‚Ä¶ ",0
grandeine,RT @virtualcry: nice to see google takes cow privacy seriously https://t.co/qyZTQqBZF2,0
Catrisaa,RT @chanelpuke: This dog followed the google earth guy https://t.co/EHq6WLbC1h,0
meinhindustani0,"RT @BIGMONEYMIKE6: ON SEPT 26TH , I WILL BE RELEASING THE WORLDS BIGGEST ALERT IN OUR LIFETIME OR ANY LIFETIME..

JOIN US: godzillapro‚Ä¶ ",0
Xdeep13,"Conor mcgregor to address congress on extending Ali Act For #MMA fighters
https://t.co/oSVySK5w4y",0
PGANFLMiamiBeac,Flaaffy‚ôÇ Charge Beam/Power Gem (IV: 60% - CP: 802 - L: 22) until 05:13:30pm  https://t.co/DkcW1lKZlC,0
AbihaLilani,"RT @Polltrends91: #Ishqbaaaz :- Most Google Searched in Mauritius 
#NakuulMehta #SurbhiChandna @NakuulMehta @SurbhiChandna‚Ä¶ ",0
fredcnoonan,"RT @matthewstoller: Private CEOs regulate the air transport system. Comcast regulates your internet service. Google regulates search, FB th‚Ä¶",0
AlamedaRareMons,Plsntn: Geodude 97.8% (15/14/15) 918CP L27 Rock Throw/Dig until 14:19:15 (29m 54s) https://t.co/V6CUKwtN9n,0
AlamedaUltraMon,Plsntn: Geodude 97.8% (15/14/15) 918CP L27 Rock Throw/Dig until 14:19:15 (29m 54s) https://t.co/SbWXFbqFnG,0
PGANFLMiamiSunn,Heracross‚ôÇ unknown/unknown (IV: ?% - CP: ? - L: ?) until 04:51:21pm  https://t.co/3yJvmxQwui,0
kayfourbee,"RT @naomiyaki: I have complicated feelings about the term, but for #BiVisibilityMonth I told my phone ""Ok Google, I'm bisexual."" A‚Ä¶ ",0
NTolliver1987,RT @JordanUhl: Just shut up &amp; google it from now on https://t.co/8TLMaVvaVa,0
karlmccartney,RT @RobWilson_RDG: Moral 'outrage' has become a tool of bullying and censorship for self- righteous organisations https://t.co/csWA4S8IYo,0
LaLaKristiansen,"RT @CanadaAction: It's a 'myth' that First Nation interests are always aligned with environmentalists, First Nations leader says.  https://‚Ä¶",0
ChattyCathy2015,RT @EchoVoxx: Honoring a badass woman today in science! Google‚Äôs doodle is pretty neat! Today I learned something!!!‚Ä¶ ,0
AKissOfSeasalt,"RT @AstuteThief: ""Google translate isn't working.""",0
astrologyhowell,RT @virtualcry: nice to see google takes cow privacy seriously https://t.co/qyZTQqBZF2,0
FernandoGamesPe,"RT @BIGMONEYMIKE6: ON SEPT 26TH , I WILL BE RELEASING THE WORLDS BIGGEST ALERT IN OUR LIFETIME OR ANY LIFETIME..

JOIN US: godzillapro‚Ä¶ ",0
PoGoOxnard,[SouthOxnard] A wild Golem has appeared! Available until 02:18:54pm (29m 29s). https://t.co/MJsbJiIpsk,0
FrancesRauer,"RT @ericgarland: Now HERE's the expert. The guy who built the ad platform for Facebook has a plan for how to secure it. 

It would b‚Ä¶ ",0
schizophobic,"RT @penceyz: Donna way: *pulls the first picture that comes up on google when you search ‚Äúgerard way‚Äù.

Donna way : I miss the good ol days‚Ä¶",0
RadicalGoats,RT @JordanUhl: Just shut up &amp; google it from now on https://t.co/8TLMaVvaVa,0
flavbrch,RT @virtualcry: nice to see google takes cow privacy seriously https://t.co/qyZTQqBZF2,0
marky_p_b_and_j,"RT @BIGMONEYMIKE6: ON SEPT 26TH , I WILL BE RELEASING THE WORLDS BIGGEST ALERT IN OUR LIFETIME OR ANY LIFETIME..

JOIN US: godzillapro‚Ä¶ ",0
VinnyFuego,"Hey google, how do you sample twitter videos? https://t.co/6L7htIPyAA",0
oxmat,Zombie Frontier 3-Shoot Target - Android Apps on Google Play https://t.co/K26WKTPrFs,0
BigNarthus,"RT @snowflakegurl69: I'm keeping this link up for a bit, go ahead and read it and lemme kno what u think if u want
https://t.co/hUdH1EkG7C",0
TuhoyitoTehiede,"@RealAlexJones Simple: Do not search anything in Google, and get out of Facebook. Without us, they are nothing",0
keidekay,RT @zFarbs7: @SmrfldNc @RealAlexRubi well here you go then https://t.co/6qjTtjjs94,0
Jaina_Solo_85,RT @JordanUhl: Just shut up &amp; google it from now on https://t.co/8TLMaVvaVa,0
shah_rhon,"@elgeexl There's this thing called Google
You should try it sometime
üòÇ",0
MaggieVA44,"@FountainPenDiva @surfermom75 @OhThatsDeep @jemelehill It's a bot, so it doesn't understand your tweet about Google being its friend.",0
AdamJoseph83,Go Rockets! https://t.co/3CWCh368gr,0
Cece35723897,"@ASIANNEXTTDOOR Hey i can help. Contact me at winniekaburu2@gmail.com.

https://t.co/cho3w1c18s",0
bigbeersnob,"@Deanofcomedy Or pardons them (arpaio). 
https://t.co/2YcLsXt85q",0
ThePathOfCain,"#ThePathOfCain, un Fan Film Star Wars.

Teaser : https://t.co/PFbRcauBXA

Dossier de presse : https://t.co/eeAlieKa7b",0
PokemonDTA,Bayleef - 0.0 (0/0/0) - Algonquin. 04:19:16pm (29m 51s). https://t.co/DShoFzBtrF,0
SEOPPCUK,RT @seocompanies25: 12 reasons for your business i https://t.co/SJDdKkmzZn #businesslisting . #thinkingthedigital &amp; Start #SEO @ #999. http‚Ä¶,0
BAGpokes,Larvitar spawned in Glendale! Available until 02:19:27pm (29m 58s). https://t.co/w4uzAJNrSx,0
DaDonAlan95,"RT @arumndochukwu: Me: what's your age?
Her: sorry I can't tell you
Me: ok what's your email address?
Her: amakapretty1995@gmail.com https:‚Ä¶",0
_First_Page_SEO,How I (easily) #Ranked on the first page of #Google https://t.co/CO3Kb8LZMM https://t.co/n0CJRfgH2g,0
PGANFLMiamiDown,Heracross‚ôÄ unknown/unknown (IV: ?% - CP: ? - L: ?) until 04:51:19pm  https://t.co/knKRxxW8bn,0
ImperialSurfs,W Imperial Beach: Aerodactyl ‚ôÇ til 14:18:57(29m 24s). https://t.co/zDoCKlyRVB,0
SanteePogo,Santee: Mareep ‚ôÇ til 14:16:02 (26m 39s). https://t.co/qfzne5m77w,0
_First_Page_SEO,#Google Indexes AMP Version for Mobile First When No Regular Mobile Page https://t.co/9ZUcjQ5vUw https://t.co/Ce339IacNv,0
PGANFLMiamiDora,Kabuto‚ôÄ unknown/unknown (IV: ?% - CP: ? - L: ?) until 04:50:48pm  https://t.co/qNDZHzk72Y,0
MoMo_1189,"RT @BIGMONEYMIKE6: ON SEPT 26TH , I WILL BE RELEASING THE WORLDS BIGGEST ALERT IN OUR LIFETIME OR ANY LIFETIME..

JOIN US: godzillapro‚Ä¶ ",0
PennilessScribe,"RT @EroticaNation: No time for Twitter? Desperate to #market your possible #bestseller? I can help for just $5/mo.
DM or email Erotica‚Ä¶ ",0
challe_berry,"RT @arumndochukwu: Me: what's your age?
Her: sorry I can't tell you
Me: ok what's your email address?
Her: amakapretty1995@gmail.com https:‚Ä¶",0
krayy_D,RT @calledoutmusic: 3rd of OCTOBER! I'll be sharing live in Lagos üôå - if you're interested please email - calledoutlagos@gmail.com to r‚Ä¶ ,0
av_mohanty,A foreign mag covers this but sadly no takers in Ind.. apparently not enough masala https://t.co/nTkeUpRnSt,0
monthly_nvm,@peonyoongi ?????????????????????? naver? genie? google? itunes? I'm confused,0
dvrkdays,RT @HamillHimself: Happy #BatmanDay which is either TODAY or (according to Google) TUESDAY September 26th! Is this a trick or a joke?‚Ä¶ ,0
aquatic_idiot,RT @DOGGEAUX: i re-wrote the first two verses of hey ya using google autocomplete https://t.co/zjYnOLhgmR,0
PacificMission,West Pacific Beach: Magikarp ‚ôÄ til 14:19:16(29m 42s). https://t.co/5UgLFuDrGz,0
lakisha_mackie,#THE TRUTH YOU DIDN'T KNOW#is at#Barnes and Noble#Amazon#Google Play#iTunes#available on paperback and digital#Laki‚Ä¶ https://t.co/0fdQq74iAF,0
sunriseshower,"RT @Maichardology: Ayun! Reminds me of the article nga, When A Strong Woman Falls In Love ‚ò∫Ô∏è‚ù§Ô∏è

https://t.co/H47SvLkBp1‚Ä¶ ",0
KeyserGrace,Please tweet for the dolphins being captured &amp; slaughtered in #Taiji https://t.co/nAc0ywMkt4 https://t.co/oQfFBtGg4O,0
Mini_Media,CMO Today: Google's Fraud Refunds; The Duopoly Grows; More Facebook Ad Tweaks - Wall Street Journal (subscription) https://t.co/qziLwui9Jh,0
RT4D1,"RT @MistressxMaya: Come play with me. $30 üéÉ

https://t.co/La298YHyWT
https://t.co/49LQihit5M
https://t.co/ckUfjlzG2q

CAD giftcards:
m‚Ä¶ ",0
PoGoSanteeCA,unknown: Aerodactyl TTH: 02:19:11pm [29m 42s] https://t.co/Xp7YJTZwRB | https://t.co/GvVcfMjJUQ,0
tataeng_89,"RT @ctrlseonho: for those who can't afford to buy wanna one slogan/ banner yall can print these out^^ 

https://t.co/4xVQwJO8Sm https://t.c‚Ä¶",0
eskat0s,RT @halvarflake: Slides from my BSides ZRH keynote on iterated games: https://t.co/BcWF9vISW4,0
Sam_Tsar,RT @aikoatto: Hi I'm doing a commission sale until the 25th! DM or email at aa.ikaart@gmail.com if interested! Thanks! RTs are al‚Ä¶ ,0
debbiedovvner,"@audstronaut i mean, it's either $100 or a google search",0
BWUnitedYEG,What's your story? Email bwunitedyeg@gmail.com to be featured in our Herstory Series! @BlackWomensBP #m4bw #m4bwyeg‚Ä¶ https://t.co/iehJwXNKDH,0
CassieJFox,"Now Booking for 2018- Living Legend,Touring and Recording Artist:Roy Roberts  @CassieJFox #RockHouseRecords  royrob‚Ä¶ https://t.co/0EOlb77sOZ",0
tr11125,Kolam Hadiah - Hadiah Gratis! - Android Apps on Google Play https://t.co/wdCzJdG84C,0
tayyllorde,My family crazy. My GMA's boyfriend betting imaginary money on a football game n my GMA think she google. Wtf,0
gordonh59,RT @ukvoteremain: Michael Gove accused of suppressing report into whether #Brexit will cause food prices to rise. In short - it will. https‚Ä¶,0
rdp24k,FBI Investigate Google &amp; Facebook For Rigging Elections For Democrats https://t.co/PYGmKKJlKL via @yournewswire,0
pokemanLB,A wild Dratini has appeared! Available until 14:19:32 (29m 54s). https://t.co/fT2fC49On1,0
lostmy_head,RT @HamillHimself: Happy #BatmanDay which is either TODAY or (according to Google) TUESDAY September 26th! Is this a trick or a joke?‚Ä¶ ,0
J_WavyGFX,View J Wavy's live subscriber count on the Livecounts app! https://t.co/5WY2SthaY0 almost at 200Subs sub up!!!!! https://t.co/D8hptVH0gn,0
johanstrauss91,RT @JordanUhl: Just shut up &amp; google it from now on https://t.co/8TLMaVvaVa,0
vKILLDAILY,@Taefromthebando @logic2kgod Michaelrendon10951@gmail.com,0
AmbassadorDeath,RT @HamillHimself: Happy #BatmanDay which is either TODAY or (according to Google) TUESDAY September 26th! Is this a trick or a joke?‚Ä¶ ,0
FXS_Stocks_EN,"Two stocks you should always put money on: Fiserv, Inc. (FISV), Lockheed ... #Google: GAS.US #FISV.US #United https://t.co/VyEWu5wBQy",0
vidokti,"RT @libertytarian: How long r taxpayers going to buy stadiums for billionaire owners &amp; millionaire players?
#nfltakeaknee #NFL

https://t.c‚Ä¶",0
soleil1146,"RT @BIGMONEYMIKE6: ON SEPT 26TH , I WILL BE RELEASING THE WORLDS BIGGEST ALERT IN OUR LIFETIME OR ANY LIFETIME..

JOIN US: godzillapro‚Ä¶ ",0
_JonnyTech,And they helped the Buffon get elected ü§¶üèæ‚Äç‚ôÇÔ∏è https://t.co/8NPxxgCTGC,0
peerlesspundit,"RT @jasonporath: 20/ There's apparently a movie in the works about her, based on Shrabani Basu's excellent book, The Spy Princess. https://‚Ä¶",0
Tarkarys,Google Pixel International Giveaway @androidauth #giveaway https://t.co/ZAFwre79Vp,0
PGANFLMiamiSout,Heracross‚ôÇ unknown/unknown (IV: ?% - CP: ? - L: ?) until 05:10:30pm  https://t.co/Jf6WjglCoh,0
lightcoin,"RT @zooko: Yep just heard about *another* friend hacked by phone number. Please, listen to me. Go remove account recovery by phone from you‚Ä¶",0
tomthedog,Butt stuff Like really weird butt stuff that would make your parents ashamed No I mean the worst DAMMIT I KEEP FORGETTING THIS ISN'T GOOGLE,0
PGANFLMiamiShor,Corsola‚ôÄ unknown/unknown (IV: ?% - CP: ? - L: ?) until 05:18:36pm  https://t.co/cGIH682qCv,0
elenadaryaa,Check it out! I will help you to create google business page for $5 on #Fiverr https://t.co/OgXELhwDAR,0
EscondidoPoGo,unknown: Blissey ‚ôÄ til 14:19:05(29m 22s). https://t.co/3g7C5RFS97,0
science_lan,Appears To Improve Low Energy In Major Depression - Shared from https://t.co/iZM23dh7N4. [https://t.co/PWYk4Fez10]‚Ä¶ https://t.co/vMuEWRpwBa,0
KmeKimberly,RT @higginsgggg: Home &amp; Community GangStalking Identical Harassment PROVEN https://t.co/EvpJaXJpix https://t.co/QZ93zPWdty U of M https://t‚Ä¶,0
MB_6to8,"RT @paulmauled: My new EP of demos is up on Google Play... 
https://t.co/tOUf7YKp36",0
pilarlopez210,RT @HamillHimself: Happy #BatmanDay which is either TODAY or (according to Google) TUESDAY September 26th! Is this a trick or a joke?‚Ä¶ ,0
DelChapojr,RT @NWMagazine: Any Artists interested in displaying your work on our website please dm us or contact us at nwavemagazine@gmail.com,0
DeathMullet,RT @JordanUhl: Just shut up &amp; google it from now on https://t.co/8TLMaVvaVa,0
