NBA2K_Retweets,"If you see this please RT and refer us! 2kShirt: Giving away a $5 Xbox card to 3 of our followers! Just follow us,‚Ä¶ https://t.co/jZ6HQVHVeD",Sun Sep 24 00:47:16 +0000 2017
GucciTheGoat,WHO CAN GS ON XBOX? I WILL PAY PLUS GIVE U GRAPHICS AND MORE! DM ME RN,Sun Sep 24 00:47:16 +0000 2017
Garcia_Daniel30,"RT @RAIDERS: 24 hours away.

The following preview has been approved for #RaiderNation. #OAKvsWAS
(@Xbox) https://t.co/hgS5nnrsaD",Sun Sep 24 00:47:17 +0000 2017
EclecticOutfitr,Microsoft Office 2003 Student Teacher Edition PC CD ROM Word Excel PowerPoint https://t.co/utaqpL58RW https://t.co/stzGyM03rr,Sun Sep 24 00:47:17 +0000 2017
DavidHensleyII,I added a video to a @YouTube playlist https://t.co/NJZB802GSK Microsoft Excel: How to Open a Excel Template and Save It as a Workbook,Sun Sep 24 00:47:17 +0000 2017
PatronRoly,I entered a Xbox One X Scorpio edition give away hosted by @PainPodcast https://t.co/Y5TuNbSfAK,Sun Sep 24 00:47:18 +0000 2017
FokisServices,On the way to‚Ä¶Microsoft Ignite 2017 - This episode of ‚ÄòOn the way to‚Ä¶‚Äô is once again brought to you by my house... https://t.co/IkdmufalRC,Sun Sep 24 00:47:20 +0000 2017
franksbrian,"700 cars, 30 destinations, &amp; $1 MILLION of Rewards? That‚Äôs a winning combo. #XboxLiveRewards #Forza7 #Sweepstakes https://t.co/RYkMrnewgY",Sun Sep 24 00:47:21 +0000 2017
Deplorable_VA,"I am not paying $1,000 for an undeveloped phone, #Apple turned worth than #Microsoft with their products since @StevenJobsApple died.",Sun Sep 24 00:47:22 +0000 2017
Stacyscene,"RT @RAIDERS: 24 hours away.

The following preview has been approved for #RaiderNation. #OAKvsWAS
(@Xbox) https://t.co/hgS5nnrsaD",Sun Sep 24 00:47:23 +0000 2017
UbeightTv,You know Xbox is lacking in exclusives when I can only name 2 https://t.co/OtrmmezshB,Sun Sep 24 00:47:23 +0000 2017
Luciani680NEWS,"RT @GotGame590: GIVE AWAY! You can win Destiny 2 for XBOX ONE! All you need to do: Give us a follow, RT THIS, &amp; listen next week to‚Ä¶ ",Sun Sep 24 00:47:26 +0000 2017
FatKidDeals,@_BSW_3 sure; https://t.co/GimUgUblT7,Sun Sep 24 00:47:26 +0000 2017
JorgeRo67318801,"RT @RAIDERS: 24 hours away.

The following preview has been approved for #RaiderNation. #OAKvsWAS
(@Xbox) https://t.co/hgS5nnrsaD",Sun Sep 24 00:47:26 +0000 2017
beastydave24,"RT @RAIDERS: 24 hours away.

The following preview has been approved for #RaiderNation. #OAKvsWAS
(@Xbox) https://t.co/hgS5nnrsaD",Sun Sep 24 00:47:27 +0000 2017
Only_OneLA,RT @goldshift_: @Only_OneLA Quinntyn üéÆ XBox One.,Sun Sep 24 00:47:29 +0000 2017
DOparexcellence,Far Cry 4 - Limited Edition Xbox 360 BRAND NEW SEALED https://t.co/Dej2FiIyrx,Sun Sep 24 00:47:30 +0000 2017
sujoydhar2016,How Microsoft‚Äôs former laptop gaming glory may want to help restoration contemporary windows gaming woes https://t.co/3DmHkDq7WD,Sun Sep 24 00:47:32 +0000 2017
mnvikings11,Check out Dishonored Definitive Edition - Xbox One Brand New  https://t.co/2MtrCcZeuK via @eBay,Sun Sep 24 00:47:32 +0000 2017
MichLancaster,RT @mattmday: Microsoft is trying to use fuel cells to unplug the data center. Ambitious project taking shape in Seattle: https://t.co/fBx6‚Ä¶,Sun Sep 24 00:47:33 +0000 2017
Curkinwa,@ForHonorGame quad kill #forhonor #xbox https://t.co/uWuy4ectr6,Sun Sep 24 00:47:34 +0000 2017
Elizabe29171132,movis sex free naked girl xbox,Sun Sep 24 00:47:35 +0000 2017
XboxAuthority,RT @PatronRoly: I entered a Xbox One X Scorpio edition give away hosted by @PainPodcast https://t.co/Y5TuNbSfAK,Sun Sep 24 00:47:38 +0000 2017
Cryohgenic_,"I swear to fuck. If I keep lagging, this Xbox is going out my window.",Sun Sep 24 00:47:39 +0000 2017
alexcutlerr1,#Windows #News Chime in: Should Microsoft's next phone be another Lumia instead of a Surface? https://t.co/pjWO1ya8x1,Sun Sep 24 00:47:41 +0000 2017
willgriesmer,Follow #great #Giveaways #prizes #prestigestreamers #SupportSmallStreamers #TeEm https://t.co/ItmACS5po0 https://t.co/XK1dgPSBrs,Sun Sep 24 00:47:42 +0000 2017
jamespower6,@seanfreestyle @Xbox @PlayStationEU @Konami @officialpes Xbox one,Sun Sep 24 00:47:42 +0000 2017
BryceMatsuoka,"Bashware Is A Major Concern For Windows 10 PCs - If you haven‚Äôt heard the term ‚ÄúBashware,‚Äù you‚Äôre not alone, bu... https://t.co/EOTG8hSz0h",Sun Sep 24 00:47:43 +0000 2017
karlcristian,My sister really thinks ima die because of hormones. I‚Äôm dead ass about to make a PowerPoint why it has more pros then cons lol,Sun Sep 24 00:47:46 +0000 2017
nykallday11,RT @Xbox: RT if you got your #XboxOneX! #IGotMine https://t.co/6M6K3MYbat,Sun Sep 24 00:47:48 +0000 2017
StevieAwtry,@blaise_real @RAIDERS @Xbox Exactly. Never thought sports and politics would get so in tangled,Sun Sep 24 00:47:49 +0000 2017
AndrewHope19,@InceptionXx  if I pre-order fifa 18 standard edition from xbox store will it download now so it's ready for when the game is out or not,Sun Sep 24 00:47:50 +0000 2017
celestin,"$100 #Giveaway! Pick From #Xbox, #PSN, #Steam, #Nintendo, #Paypal, #Amazon or #Battlenet. https://t.co/ZvoiMHHHhQ",Sun Sep 24 00:47:51 +0000 2017
adamb_29,@Trustworthy2KMT I still have the Xbox mt if you need bro,Sun Sep 24 00:47:52 +0000 2017
kaden_manthei,RT @yoStax: #NBA2k18 GIVEAWAY!! Full game for Xbox and PS4 w/ 75K VC for each!! Follow @ChrissyyBH and RT to enter!! Announcing‚Ä¶ ,Sun Sep 24 00:47:52 +0000 2017
primakgames,#webvr #vr A-Frame v0.7.0 - Windows Mixed Reality Headsets and glTF 2.0 https://t.co/S26OjKgv1v,Sun Sep 24 00:47:55 +0000 2017
buffalochillz,@bubblywums do you know why most xbox rag servers are having ridiculous lag spikes that have been rolling back servers constantly?,Sun Sep 24 00:47:58 +0000 2017
SC_Hennessy,"$100 #Giveaway! Pick From #Xbox, #PSN, #Steam, #Nintendo, #Paypal, #Amazon or #Battlenet. https://t.co/Shl6yc9scJ",Sun Sep 24 00:48:00 +0000 2017
goldfoot,"Microsoft 365 Enterprise (SPE): The Ultimate Guide 

Read: https://t.co/LHL7MTbPQe by @RedPixie
#Microsoft #SPE https://t.co/DoWuHw9RC1",Sun Sep 24 00:48:01 +0000 2017
Moreno,"RT @RAIDERS: 24 hours away.

The following preview has been approved for #RaiderNation. #OAKvsWAS
(@Xbox) https://t.co/hgS5nnrsaD",Sun Sep 24 00:48:02 +0000 2017
UK_AWSAzureJobs,"Need help recruiting #Azure or #O365 staff in the UK?

Book a call with me:

https://t.co/yPJ7fL55Xe

#Microsoft https://t.co/v3YCVwvuF5",Sun Sep 24 00:48:02 +0000 2017
MongoloidVoice,@SECcountry @rollbamaroll PS4 or Xbox?,Sun Sep 24 00:48:03 +0000 2017
FatKidDeals,"Xbox One Elite Controller, $86.99!

https://t.co/UiMCzV2Bmv https://t.co/9bSVI7cAus",Sun Sep 24 00:48:02 +0000 2017
VV4Change,"@lumpylouise In 'Blue' WA state, we have a tax structure that punishes the poor just as much as Mississippi's. Boei‚Ä¶ https://t.co/CNUoLoAo7N",Sun Sep 24 00:48:04 +0000 2017
SmokinDank5280,"Haha I like this idea! 
https://t.co/eQLe7iHMLE #blizzard #Overwatch #XboxOne",Sun Sep 24 00:48:04 +0000 2017
FatKidDeals,"Xbox One Elite Controller, $86.99!

https://t.co/UiMCzV2Bmv https://t.co/9bSVI7cAus",Sun Sep 24 00:48:02 +0000 2017
Only_OneLA,RT @NoChillJerry: @Only_OneLA Xbox One: JerrB3ar216,Sun Sep 24 00:48:05 +0000 2017
De_Generate97,@Josephawt Do you have it for Xbox?,Sun Sep 24 00:48:06 +0000 2017
Civilwarfare101,@ShintaiReviews If this was a sane and just world every Xbox 360 exclusive would be multiplatform.,Sun Sep 24 00:48:07 +0000 2017
AndrewHope19,@ChuBoi  if I pre-order fifa 18 standard edition from xbox store will it download now so it's ready for when the game is out or not,Sun Sep 24 00:48:08 +0000 2017
VidGameConsoles,https://t.co/2xDHQUnOIX Blackjack bonus payout - Farming simulator 2013 xbox 360 more slots - Vba blackjack sim... https://t.co/7wgpv0a190,Sun Sep 24 00:48:09 +0000 2017
zlpor2002,"RT @OXM: Remember Xbox's original, giant controller? It's officially coming back for Xbox One https://t.co/xZmRyLf7MV https://t.co/vPqygXSE‚Ä¶",Sun Sep 24 00:48:10 +0000 2017
PriceBargain,"Xbox One Elite Controller, $86.99!

https://t.co/Bj3n8j5pgq https://t.co/elLE1WnLsN",Sun Sep 24 00:48:10 +0000 2017
PRlCEBARGAIN,"Xbox One Elite Controller, $86.99!

https://t.co/oBKHs7PdTY https://t.co/MPUqBgZUdA",Sun Sep 24 00:48:11 +0000 2017
anthony_lopez02,"RT @RAIDERS: 24 hours away.

The following preview has been approved for #RaiderNation. #OAKvsWAS
(@Xbox) https://t.co/hgS5nnrsaD",Sun Sep 24 00:48:11 +0000 2017
0ItsAdam0,@xboxusoffer can i get a free xbox one,Sun Sep 24 00:48:13 +0000 2017
BargainHooked,"Xbox One Elite Controller, $86.99!

https://t.co/T8GUEnKomT https://t.co/jG6OmAZw7C",Sun Sep 24 00:48:14 +0000 2017
